"","ID","TIME_ABSOLUTE","TIME_ELAPSED","X","Y","Z","U_Seeb","U_Seeb_StdDev","T_Probe","T_Sample","dT","X.","X._StdDev","T01...Column","T02...Room","T03...Device","std_dev_ID","std_dev_TIME_ABSOLUTE","std_dev_TIME_ELAPSED","std_dev_X","std_dev_Y","std_dev_Z","std_dev_U_Seeb","std_dev_U_Seeb_StdDev","std_dev_T_Probe","std_dev_T_Sample","std_dev_dT","std_dev_X.","std_dev_X._StdDev","std_dev_T01...Column","std_dev_T02...Room","std_dev_T03...Device"
"2",0,"2021.12.01 18:09:48",17.04064,0,0,-3.48,1.16632,0.0068224,36.58136,26.90922,6,194.38462,1.13732,28.1895,23.2737,26.7563,0,NA,9.32603419723518,0,0,0,0.0580762602101753,0.00279308213269857,0.0364191982338991,0.0206119382882835,0,9.68115617666609,0.465789745486094,0.060766438105256,0.0486687271253322,0.0570138579645339
"3",1,"2021.12.01 18:09:48",52.25954,0.15,0,-3.48,1.13686,0.00446554,36.608,26.89718,6,189.4737,0.74428,28.20976,23.2236,26.82244,0,NA,9.61980676432744,0,0,0,0.0146691172195194,0.0029953442386477,0.022351733713519,0.0235880690180434,0,2.44238621945834,0.499258877737792,0.0533968444760547,0.0489694802912993,0.04838437764403
"4",2,"2021.12.01 18:09:48",87.76538,0.3,0,-3.48,1.14444,0.003603,36.56916,26.90332,6,190.74208,0.6004,28.20154,23.29616,26.77972,0,NA,9.61983838492103,0,0,0,0.0192807676195737,0.00276738893182726,0.0195478387552169,0.00655339606616327,0,3.21611434529309,0.461102184987233,0.0695906818474997,0.0284247779234944,0.04295785143603
"5",3,"2021.12.01 18:09:48",123.32356,0.45,0,-3.48,1.11198,0.006098,36.55864,26.89386,6,185.332,1.01646,28.21388,23.33766,26.79832,0,NA,9.52913121711523,0,0,0,0.0193355113715671,0.00171939393391974,0.0196585350420616,0.0253765245847421,0,3.22451273605796,0.286666806589113,0.0401623206500829,0.0172169393331104,0.065508640651445
"6",4,"2021.12.01 18:09:48",158.73638,0.6,0,-3.48,1.13628,0.00452944,36.57794,26.89156,6,189.3802,0.754846,28.20032,23.31514,26.77428,0,NA,9.62714412777745,0,0,0,0.0119057549109664,0.00321856733159336,0.0372861636535588,0.0263225758617959,0,1.98288754345777,0.536419735915822,0.0347457479412948,0.0726541327110844,0.0586486743243183
"7",5,"2021.12.01 18:09:48",194.38048,0.75,0,-3.48,1.14344,0.0062112,36.57094,26.89498,6,190.57006,1.03528,28.18712,23.36668,26.77792,0,NA,9.61980676167667,0,0,0,0.01861042718478,0.00211573029944745,0.0168424463781238,0.0143355153377889,0,3.10037040416141,0.352645419649823,0.0352368698950401,0.0336935008569895,0.0512989960915414
"8",6,"2021.12.01 18:09:48",229.3736,0.9,0,-3.48,1.11136,0.00459316,36.58328,26.89416,6,185.22472,0.765766,28.1476,23.36422,26.80504,0,NA,9.12448288863538,0,0,0,0.0159173804377479,0.00402595346818614,0.0218094474941505,0.0190044205383904,0,2.65029775251763,0.671414168587467,0.0518704636570763,0.0685014744366868,0.0235122946562004
"9",7,"2021.12.01 18:09:48",264.1868,1.05,0,-3.48,1.12096,0.006005,36.56798,26.88724,6,186.82918,1.0008,28.15714,23.31742,26.81512,0,NA,9.61977513822439,0,0,0,0.0258692481529711,0.00417369925845167,0.0475975524580838,0.0159296264865196,0,4.3101126489919,0.695648805073365,0.0539869243428443,0.0492144998958646,0.052484397681597
"10",8,"2021.12.01 18:09:48",299.69258,1.2,0,-3.48,1.13658,0.0072128,36.58526,26.89236,6,189.43332,1.2018,28.14644,23.30694,26.79536,0,NA,9.61980676427548,0,0,0,0.0277262871657927,0.00113375601431701,0.0314244809026326,0.0207808325146036,0,4.62669406671762,0.189040207363407,0.0472406392844132,0.0452479060288985,0.0379642331675498
"11",9,"2021.12.01 18:09:48",335.32734,1.35,0,-3.48,1.1359,0.00408732,36.58678,26.89552,6,189.31516,0.681186,28.10092,23.29262,26.78694,0,NA,9.61980676432743,0,0,0,0.0071843580088968,0.00397471428054898,0.0244957547342398,0.0129580862784597,0,1.19261634778331,0.662327228777437,0.0226421509578929,0.0688091709003964,0.0307589499170565
"12",10,"2021.12.01 18:09:48",370.0927,1.5,0,-3.48,1.11404,0.0042161,36.57288,26.8907,6,185.67002,0.70268,28.07996,23.26614,26.77502,0,NA,9.16338167572429,0,0,0,0.00729506682628748,0.00334327287997854,0.027094593556648,0.0187312572989647,0,1.21587382445713,0.557196412407689,0.0389928583204672,0.0269344203576013,0.0494415513510653
"13",11,"2021.12.01 18:09:48",404.12594,1.65,0,-3.48,1.1188,0.0054238,36.58246,26.8957,6,186.46962,0.90388,28.11684,23.25142,26.80622,0,NA,9.60498678801798,0,0,0,0.0069411814556313,0.00265562002176516,0.0380104327783859,0.0231019479698134,0,1.15922813414789,0.442426544185586,0.0452848539801112,0.0160660200423124,0.0583652465085179
"14",12,"2021.12.01 18:09:48",439.60984,1.8,0,-3.48,1.14054,0.0055466,36.54404,26.8864,6,190.09418,0.92436,28.0954,23.27814,26.7881,0,NA,9.61975932536776,0,0,0,0.0454856900574235,0.00348996967035532,0.0313300654324232,0.0284616408522072,0,7.58188214343906,0.581514391911327,0.0413466443620269,0.0618431321975207,0.0669317936409901
"15",13,"2021.12.01 18:09:48",474.9285,1.95,0,-3.48,1.17354,0.0075528,36.56114,26.89036,6,195.5881,1.25866,28.08016,23.3526,26.79672,0,NA,9.30659402037072,0,0,0,0.0418476164195764,0.00581279534303419,0.0228934051639314,0.0221727986505993,0,6.97755317643657,0.968537726678729,0.0407550364985725,0.0689305810217785,0.0294822319372198
"16",14,"2021.12.01 18:09:48",511.67296,0,0.15,-3.48,1.14144,0.00628946,36.581,26.89652,6,190.24128,1.048244,28.04586,23.29486,26.80382,0,NA,9.58050194055614,0,0,0,0.0202559374011671,0.00403358656260158,0.0250295824975167,0.0169306526749569,0,3.37304774232444,0.672152964495434,0.0368774727984445,0.0416456840500911,0.0415956367904135
"17",15,"2021.12.01 18:09:48",545.90892,0.15,0.15,-3.48,1.12746,0.00489854,36.54592,26.89476,6,187.90924,0.81636,27.96872,23.31222,26.8005,0,NA,9.30662725250129,0,0,0,0.0118468561230396,0.00297286856554406,0.0242859424359052,0.0271612407669449,0,1.97371740961061,0.495342470418195,0.0326014876961153,0.0648145199781657,0.0429707458627376
"18",16,"2021.12.01 18:09:48",580.55682,0.3,0.15,-3.48,1.13462,0.00400406,36.5586,26.9019,6,189.10632,0.667424,27.9566,23.29248,26.78518,0,NA,9.6198700085812,0,0,0,0.00682912878777373,0.00276658140454967,0.0376437909886886,0.0334425627008457,0,1.13352343469379,0.461208943842159,0.0482221422170358,0.034708601239463,0.0403681433806407
"19",17,"2021.12.01 18:09:48",616.06254,0.45,0.15,-3.48,1.10364,0.003891,36.56648,26.8964,6,183.94126,0.64852,27.95022,23.2793,26.80182,0,NA,9.61980676432746,0,0,0,0.00819347301209926,0.0021301814476706,0.0198135559655494,0.0167184030337827,0,1.36586865693595,0.35507978258414,0.0433260545168851,0.0265925741514433,0.058212601728492
"20",18,"2021.12.01 18:09:48",650.5918,0.6,0.15,-3.48,1.1196,0.0061046,36.58514,26.89326,6,186.59832,1.01728,27.90172,23.28884,26.7574,0,NA,9.65932163171927,0,0,0,0.0291228432677855,0.00158594019433269,0.019919412641944,0.0157147383051712,0,4.84997065321018,0.264274576908185,0.0285826345881556,0.0723657584773352,0.0384136043609558
"21",19,"2021.12.01 18:09:48",685.01502,0.75,0.15,-3.48,1.11618,0.0089328,36.5553,26.89704,6,186.03006,1.48882,27.88632,23.31646,26.77156,0,NA,9.61979095105502,0,0,0,0.0162439835015922,0.00374539887061445,0.0183222542281255,0.0275247706620783,0,2.70617587898495,0.624169658025765,0.0690216777541666,0.0609118461384976,0.0729757356934483
"22",20,"2021.12.01 18:09:48",720.30558,0.9,0.15,-3.48,1.1336,0.0059218,36.56508,26.88188,6,188.93628,0.98708,27.84182,23.30246,26.8017,0,NA,9.26536454717243,0,0,0,0.0317941032268564,0.00380434195361037,0.0182058232442277,0.0218722884033656,0,5.29824290987116,0.634126585943217,0.0624999759999942,0.0176555373749995,0.0202963050824532
"23",21,"2021.12.01 18:09:48",754.97836,1.05,0.15,-3.48,1.11144,0.0040214,36.54322,26.88606,6,185.24146,0.6703,27.74796,23.26096,26.81734,0,NA,9.62470964746469,0,0,0,0.01561899484602,0.00348533933785507,0.0619671041763288,0.0429204263725334,0,2.59972570822385,0.580949920389013,0.0868934577514331,0.0702770090427878,0.02551495639816
"24",22,"2021.12.01 18:09:48",788.64968,1.2,0.15,-3.48,1.12798,0.00583582,36.57932,26.8777,6,187.99336,0.972504,27.73866,23.29492,26.80664,0,NA,8.76379902736249,0,0,0,0.0246926507285062,0.00495920122318101,0.0469182480491312,0.0184632066553998,0,4.11359766177977,0.826431818772728,0.0281846234674149,0.0512246229854367,0.0476123198342618
"25",23,"2021.12.01 18:09:48",822.90446,1.35,0.15,-3.48,1.10414,0.0035884,36.55462,26.88818,6,184.01972,0.59808,27.738,23.31796,26.81504,0,NA,9.61980676432744,0,0,0,0.00997812607657368,0.00125077767808672,0.046465223554825,0.0328942548175208,0,1.6658212169978,0.208446748595415,0.0495019191547165,0.0340131298177626,0.0333814768996222
"26",24,"2021.12.01 18:09:48",857.9828,1.5,0.15,-3.48,1.10736,0.0034058,36.57182,26.89792,6,184.5623,0.5676,27.65778,23.27628,26.76674,0,NA,9.14460124116957,0,0,0,0.0119102057077113,0.00102318947414445,0.0230410937240408,0.0223624014810572,0,1.98413241367606,0.170505175874517,0.0470120941886232,0.0499380315991736,0.0182942067332803
"27",25,"2021.12.01 18:09:48",891.2577,1.65,0.15,-3.48,1.12892,0.0055256,36.56788,26.8947,6,188.153,0.9209,27.61076,23.35526,26.76142,0,NA,8.5054750990171,0,0,0,0.0178288249753033,0.00150885314063364,0.0315069357443721,0.020011371767073,0,2.97023681294944,0.251440201638481,0.0238417281252843,0.0651150366658884,0.0354099844676608
"28",26,"2021.12.01 18:09:48",923.70586,1.8,0.15,-3.48,1.13078,0.0039318,36.58572,26.89292,6,188.46438,0.65532,27.58694,23.29724,26.7569,0,NA,8.5057190356254,0,0,0,0.0109930432547135,0.00133375005154639,0.0406678251201116,0.0205440258956224,0,1.83288754892383,0.222283280972726,0.0589090230779641,0.0290129798538523,0.103154520017303
"29",27,"2021.12.01 18:09:48",956.37576,1.95,0.15,-3.48,1.1293,0.0092316,36.56046,26.88296,6,188.21694,1.5388,27.56816,23.28642,26.74872,0,NA,8.87421490121801,0,0,0,0.0184458667456967,0.00244287224389652,0.0149069782316865,0.0244941421568514,0,3.07791304344356,0.407545948329756,0.064945923659612,0.0855741900341446,0.0519133605153823
"30",28,"2021.12.01 18:09:48",990.24352,0,0.3,-3.48,1.1192,0.0056584,36.52644,26.8782,6,186.53398,0.94296,27.52952,23.32706,26.75866,0,NA,8.99090355064497,0,0,0,0.0113262968352415,0.00161146479949144,0.0262349575947815,0.0273963501218674,0,1.88306134180489,0.268364943686764,0.0337881192137116,0.0543223066520566,0.0430387964515733
"31",29,"2021.12.01 18:09:48",1023.66832,0.15,0.3,-3.48,1.11758,0.0040588,36.5479,26.89062,6,186.265,0.67654,27.49268,23.25972,26.71754,0,NA,8.64901678701112,0,0,0,0.0130219814160519,0.00191291000833808,0.0352104387930611,0.0160971115421361,0,2.16696941948889,0.318907279628421,0.0439755841348349,0.0738750769881153,0.0535940575064069
"32",30,"2021.12.01 18:09:48",1066.86814,0.3,0.3,-3.48,1.17198,0.0071252,36.55204,26.87302,6,195.32554,1.1876,27.45102,23.28542,26.7692,0,NA,16.5697990249731,0,0,0,0.033452458803502,0.00389031119577856,0.0409281443508027,0.0163522781287497,0,5.57540082577029,0.648594865844619,0.0339351145570478,0.0468196219549029,0.0400563977411839
"33",31,"2021.12.01 18:09:48",1111.9409,0.45,0.3,-3.48,1.1987,0.0050976,36.54572,26.88276,6,199.78628,0.84958,27.39706,23.30414,26.764,0,NA,13.5368254323161,0,0,0,0.0547388344779097,0.00168727599994785,0.0325965028799106,0.0108366507741094,0,9.1214632319601,0.281204786587995,0.0366989509386849,0.0507997342512729,0.0188187406592476
"34",32,"2021.12.01 18:09:48",1154.10146,0.6,0.3,-3.48,1.21166,0.0096754,36.55012,26.8677,6,201.94598,1.61254,27.33726,23.3135,26.7555,0,NA,13.0434527567665,0,0,0,0.0476206152837193,0.00376768241761431,0.0161287631267872,0.0224069185744048,0,7.93815027427675,0.627994711761174,0.0603022221812768,0.0263768838189806,0.0617751972882325
"35",33,"2021.12.01 18:09:48",1203.58182,0.75,0.3,-3.48,1.14398,0.006221,36.55292,26.88244,6,190.6626,1.0366,27.30092,23.30846,26.76642,0,NA,14.7271983851987,0,0,0,0.0155200515463062,0.00458080587888201,0.0267676483838233,0.0256938319446519,0,2.58927687395535,0.763066632083988,0.0638601362353698,0.0403721190922651,0.044468944219534
"36",34,"2021.12.01 18:09:48",1244.96184,0.9,0.3,-3.48,1.1864,0.0107038,36.53138,26.88216,6,197.73586,1.784,27.25448,23.3189,26.7326,0,NA,9.0283651248717,0,0,0,0.0503585146722975,0.00270756850328851,0.0388765610619039,0.0190992931806384,0,8.39559163924735,0.451294249907973,0.0233193481898625,0.0397205866019122,0.0277957730599459
"37",35,"2021.12.01 18:09:48",1285.28826,1.05,0.3,-3.48,1.26258,0.0090106,36.56266,26.86818,6,210.42928,1.50146,27.2393,23.3281,26.74414,0,NA,10.3402163547481,0,0,0,0.0553169684635737,0.0059622161819243,0.0448137590478628,0.00964686477566653,0,9.21751878148344,0.99337354404071,0.0618264910859417,0.0541582865312415,0.0416200432484152
"38",36,"2021.12.01 18:09:48",1319.95474,1.2,0.3,-3.48,1.15048,0.007595,36.50732,26.85914,6,191.74636,1.26596,27.21374,23.31958,26.76026,0,NA,9.35923838984778,0,0,0,0.0236377240867221,0.00331125557757175,0.0222241310291321,0.0200206892988232,0,3.93824552980131,0.551992489079335,0.0545236003946917,0.0652488850479453,0.0354281385342217
"39",37,"2021.12.01 18:09:48",1350.99276,1.35,0.3,-3.48,1.24508,0.006897,36.55012,26.86724,6,207.5156,1.14956,27.19798,23.33512,26.7585,0,NA,8.32586687366549,0,0,0,0.0273880813493753,0.00389651658536185,0.0440025794698439,0.0137943104213292,0,4.56375550835055,0.649454038404566,0.0466675154684723,0.0544860257313738,0.0306745008109344
"40",38,"2021.12.01 18:09:48",1382.60484,1.5,0.3,-3.48,1.14274,0.0093776,36.54526,26.8692,6,190.4592,1.563,27.12464,23.33852,26.73952,0,NA,8.01659523257847,0,0,0,0.0282804349330062,0.00468939295644969,0.0171393698834008,0.02922635796674,0,4.71256712578188,0.781491589845982,0.0425088579004425,0.0340984163855154,0.0892165175289866
"41",39,"2021.12.01 18:09:48",1412.01092,1.65,0.3,-3.48,1.1508,0.0076658,36.52726,26.86822,6,191.79776,1.2778,27.10752,23.35538,26.73366,0,NA,8.0164371167621,0,0,0,0.0218257875001109,0.00399433876880767,0.0392433816076045,0.0269565761920913,0,3.63963859373428,0.665927833927972,0.0467262988048476,0.0400825647881964,0.0505721069365317
"42",40,"2021.12.01 18:09:48",1445.49196,1.8,0.3,-3.48,1.17506,0.0097718,36.56572,26.87672,6,195.84604,1.62886,27.0724,23.34982,26.71516,0,NA,8.02628358164603,0,0,0,0.0277500990989221,0.00435105437796404,0.00610917343017847,0.0245924175306131,0,4.62987748142432,0.72537914086359,0.0416378433639396,0.0306148983339816,0.0447022147102358
"43",41,"2021.12.01 18:09:48",1477.95562,1.95,0.3,-3.48,1.16038,0.0050214,36.52628,26.86942,6,193.39208,0.83706,27.0369,23.31968,26.70832,0,NA,8.01899041974734,0,0,0,0.0396395257287471,0.00349151411281696,0.0317447948489185,0.0232519246515202,0,6.60689192563341,0.582060381747461,0.0383133136128945,0.0264292830020037,0.0241548545845344
"44",42,"2021.12.01 18:09:48",1511.6446,0,0.45,-3.48,1.138,0.0051464,36.5633,26.86802,6,189.66198,0.85778,27.00994,23.33608,26.7547,0,NA,9.38378748240818,0,0,0,0.0132921029186506,0.0021531543836892,0.0170415668293743,0.0144948956532972,0,2.21667656007817,0.358919938147771,0.0593600286388077,0.0452387223515425,0.0340435750179083
"45",43,"2021.12.01 18:09:48",1544.10898,0.15,0.45,-3.48,1.14008,0.0061576,36.50276,26.8702,6,190.0144,1.0262,26.97528,23.29974,26.74154,0,NA,8.75383758942334,0,0,0,0.0284011795529693,0.00514255085536351,0.0178445509890271,0.0169310365896481,0,4.7320799597006,0.856970428311269,0.0298008724704494,0.0409711239777475,0.0465399076062683
"46",44,"2021.12.01 18:09:48",1577.18636,0.3,0.45,-3.48,1.1434,0.0060394,36.54,26.87084,6,190.56826,1.00632,26.96318,23.34622,26.7472,0,NA,8.34684789444498,0,0,0,0.0163604706533767,0.00225471434997873,0.0410852771683472,0.00922783831674526,0,2.72411709788694,0.375597140564196,0.0427820873731061,0.0242515360338257,0.0406713043803619
"47",45,"2021.12.01 18:09:48",1610.04032,0.45,0.45,-3.48,1.1303,0.0054256,36.52592,26.87098,6,188.38062,0.90422,26.9749,23.33906,26.74268,0,NA,8.97968726888635,0,0,0,0.0207035021192068,0.00262254338381656,0.0318805112882453,0.0111851240493788,0,3.44891746305997,0.437075361922861,0.0359259655402604,0.0588875029187008,0.050306778867266
"48",46,"2021.12.01 18:09:48",1644.82998,0.6,0.45,-3.48,1.24778,0.00971946,36.54174,26.85554,6,207.9615,1.61996,26.87976,23.3133,26.71694,0,NA,8.68180515860613,0,0,0,0.0292990955491804,0.00794683175284339,0.0289934992713884,0.0161736823265454,0,4.8803946218518,1.3247927283164,0.0918401763935576,0.038454648613659,0.0547233770887729
"49",47,"2021.12.01 18:09:48",1676.10504,0.75,0.45,-3.48,1.18374,0.0040038,36.54452,26.86938,6,197.28824,0.66736,26.84982,23.32468,26.72348,0,NA,8.53576095570869,0,0,0,0.016598885504756,0.00218770420761126,0.0452990838759485,0.0197781950642618,0,2.76768319773055,0.36475297531343,0.0253079434170388,0.0489244008650081,0.0335441052943729
"50",48,"2021.12.01 18:09:48",1709.98222,0.9,0.45,-3.48,1.16448,0.00648,36.56106,26.87674,6,194.08078,1.0802,26.82602,23.34134,26.71122,0,NA,11.5151107390247,0,0,0,0.0295005423678955,0.00487744958969337,0.0256310943972342,0.0162503230737118,0,4.91562752626763,0.813132581440444,0.033534415158162,0.0290697093208716,0.025507097051605
"51",49,"2021.12.01 18:09:48",1750.38424,1.05,0.45,-3.48,1.29826,0.01194946,36.5286,26.8521,6,216.37632,1.991708,26.83382,23.29616,26.70562,0,NA,14.429277124929,0,0,0,0.0766457957098757,0.00954521014216031,0.0444814568106761,0.025022190151943,0,12.7789857082634,1.59068842528007,0.0342472918637375,0.022412451896212,0.0394924296543019
"52",50,"2021.12.01 18:09:48",1799.05754,1.2,0.45,-3.48,1.15692,0.0087532,36.5469,26.8614,6,192.821,1.4584,26.75916,23.3243,26.72394,0,NA,15.7238602748498,0,0,0,0.0355414124648979,0.00582693548960343,0.031293369904821,0.0244721270019581,0,5.9221839404902,0.970862397562085,0.0441061560329169,0.0296741469970067,0.0605261761554448
"53",51,"2021.12.01 18:09:48",1839.93428,1.35,0.45,-3.48,1.23962,0.01041456,36.5293,26.8528,6,206.60162,1.7356,26.76404,23.34684,26.70526,0,NA,8.01380702643885,0,0,0,0.0765566261012069,0.00681623217532971,0.0231748786404615,0.0207452404179858,0,12.7602803888473,1.1358381486814,0.0352946596527009,0.0195195542981903,0.0369722598714219
"54",52,"2021.12.01 18:09:48",1874.27014,1.5,0.45,-3.48,1.33526,0.0114374,36.50014,26.83318,6,222.5406,1.9061,26.70438,23.31422,26.75532,0,NA,11.9199604704882,0,0,0,0.069732295244026,0.00802583508427628,0.0519012812943953,0.0257240548903155,0,11.6196580171277,1.33741197841204,0.0448585220443121,0.0128530930129673,0.0456299463072231
"55",53,"2021.12.01 18:09:48",1907.92646,1.65,0.45,-3.48,1.254,0.0131182,36.5035,26.8298,6,209.0004,2.18644,26.6842,23.29734,26.77114,0,NA,8.04731603691572,0,0,0,0.0880325223993951,0.00696677538033199,0.0353074354775311,0.0209661632160005,0,14.6767711471223,1.16122128296032,0.0287582162172828,0.0539019758450465,0.0328910018090053
"56",54,"2021.12.01 18:09:48",1943.38788,1.8,0.45,-3.48,1.31678,0.0104054,36.51518,26.82324,6,219.46346,1.73414,26.65344,23.2943,26.71884,0,NA,11.5057088200597,0,0,0,0.0612229287113905,0.00639717561115841,0.0295169781651175,0.0226844219675084,0,10.2013159422204,1.0660282819888,0.031266003902002,0.0380125637125422,0.0319153254722555
"57",55,"2021.12.01 18:09:48",1976.28422,1.95,0.45,-3.48,1.22564,0.00854,36.5166,26.84662,6,204.27206,1.42338,26.61534,23.26598,26.74032,0,NA,8.64705364687885,0,0,0,0.0206713086184692,0.00485808794691903,0.0396613161657551,0.0134987777224461,0,3.44981963195179,0.809681938788312,0.0468201665951765,0.0563207066717035,0.0337865653773812
"58",56,"2021.12.01 18:09:48",2012.6125,0,0.6,-3.48,1.20566,0.0057118,36.54474,26.84946,6,200.94282,0.9519,26.60668,23.3076,26.7261,0,NA,9.68533882783664,0,0,0,0.0544091260727463,0.00334305761242609,0.0315476306558833,0.0163793467513208,0,9.07287583773745,0.557124698788341,0.0461932570836918,0.0229988043167467,0.053017119876508
"59",57,"2021.12.01 18:09:48",2049.6371,0.15,0.6,-3.48,1.2389,0.0122024,36.5113,26.83506,6,206.48092,2.03406,26.609,23.34072,26.7145,0,NA,12.0178144949487,0,0,0,0.0472950314515172,0.0073596414858334,0.0109920425763376,0.0216114090239387,0,7.88072433929775,1.2269217448558,0.0293187653218888,0.0539767264661353,0.0478580191817418
"60",58,"2021.12.01 18:09:48",2088.7714,0.3,0.6,-3.48,1.32846,0.0156694,36.52806,26.8466,6,221.4077,2.61162,26.58344,23.33536,26.70454,0,NA,10.4553897385511,0,0,0,0.0624328679462989,0.00978761139400211,0.0184961617639996,0.0193406308066727,0,10.4046271136932,1.63127282267559,0.00559937496511924,0.0393755380915606,0.038412862429139
"61",59,"2021.12.01 18:09:48",2125.52912,0.45,0.6,-3.48,1.22034,0.0146892,36.54786,26.83166,6,203.39244,2.448,26.52822,23.30084,26.7039,0,NA,8.96270074402807,0,0,0,0.0686615103241984,0.0060674948042829,0.0324337478562075,0.0246349954333258,0,11.4415675428675,1.01119261271036,0.0353152516627025,0.0465106761937517,0.0382333623946416
"62",60,"2021.12.01 18:09:48",2160.36652,0.6,0.6,-3.48,1.17048,0.0043716,36.5077,26.83412,6,195.08064,0.72878,26.50622,23.28504,26.69894,0,NA,9.63439781133209,0,0,0,0.0215863845977042,0.00318860726650367,0.0231651678172213,0.0358950135812755,0,3.59719221935665,0.53164197727418,0.0862752977392723,0.0222305645452384,0.0622228896789598
"63",61,"2021.12.01 18:09:48",2192.82412,0.75,0.6,-3.48,1.19122,0.00631064,36.4837,26.82474,6,198.534,1.0519,26.4895,23.29014,26.70268,0,NA,8.99203952821611,0,0,0,0.0186070416778164,0.00383325359818523,0.0457908833721299,0.0195387563575566,0,3.10432285450468,0.639096667179543,0.0278333433133716,0.0640852010997851,0.0146753875587657
"64",62,"2021.12.01 18:09:48",2231.60362,0.9,0.6,-3.48,1.13962,0.0076072,36.5198,26.8225,6,189.93328,1.2678,26.46094,23.2959,26.72564,0,NA,18.349509166242,0,0,0,0.0301135683704207,0.00437204702627957,0.0481688696151352,0.0236459298823279,0,5.02164396706896,0.728780200060347,0.035692758369171,0.0219576865812405,0.0596831466998853
"65",63,"2021.12.01 18:09:48",2281.71114,1.05,0.6,-3.48,1.18224,0.005656,36.50196,26.82226,6,197.04196,0.9425,26.47286,23.30362,26.72054,0,NA,15.0558893233844,0,0,0,0.0421495907453441,0.0040380467431668,0.0205390603485163,0.0146343090031607,0,7.02542751531891,0.672847843126513,0.0155991345913804,0.0568083356559571,0.0182537119512711
"66",64,"2021.12.01 18:09:48",2316.99228,1.2,0.6,-3.48,1.11912,0.00350588,36.50544,26.8319,6,186.52112,0.584258,26.46778,23.2411,26.70302,0,NA,8.50426193899284,0,0,0,0.00900733034811091,0.00304698929387683,0.0092850955837841,0.0228656948287169,0,1.50247893396213,0.507716361091506,0.0205488929142179,0.0284520649514241,0.0523676140376851
"67",65,"2021.12.01 18:09:48",2349.87826,1.35,0.6,-3.48,1.1759,0.0084724,36.50998,26.82974,6,195.98432,1.41192,26.45422,23.244,26.70856,0,NA,10.5536538278456,0,0,0,0.0413339448879489,0.00418287781318078,0.0255291402127063,0.0137431073633298,0,6.88844478434719,0.69700963551446,0.0265172019640083,0.0388301429304597,0.0339265824980946
"68",66,"2021.12.01 18:09:48",2384.7147,1.5,0.6,-3.48,1.1289,0.003181,36.47612,26.81918,6,188.15024,0.53016,26.39572,23.26298,26.69774,0,NA,9.43676473347717,0,0,0,0.0167868996541947,0.00188293135828155,0.0235094023743697,0.0210372764396905,0,2.79792588232783,0.313862331285549,0.0502516865388624,0.0396207268989349,0.0420622514851504
"69",67,"2021.12.01 18:09:48",2418.39298,1.65,0.6,-3.48,1.29954,0.0145898,36.49956,26.80194,6,216.59076,2.4316,26.3788,23.29786,26.69632,0,NA,9.03406792297918,0,0,0,0.0630743053865835,0.0105101161363707,0.0181068495327056,0.00871768317845908,0,10.5116784412862,1.75149930059935,0.0466112647328951,0.0369898364419202,0.0753734170646386
"70",68,"2021.12.01 18:09:48",2451.23022,1.8,0.6,-3.48,1.14784,0.0046532,36.52684,26.82752,6,191.30558,0.77548,26.39192,23.28834,26.71732,0,NA,9.96493595925237,0,0,0,0.0195673963520955,0.00213072773952938,0.0208921755688581,0.0224713595494344,0,3.25893798989794,0.355112111874546,0.0461545989041173,0.0244666712079925,0.0352845150172137
"71",69,"2021.12.01 18:09:48",2485.09514,1.95,0.6,-3.48,1.17786,0.00416648,36.50348,26.81846,6,196.30878,0.694494,26.36226,23.35424,26.72174,0,NA,8.98373089940925,0,0,0,0.03364658972318,0.00561642901245978,0.0317278584212683,0.0150237478679591,0,5.60923129154076,0.936212592673267,0.0372120679350119,0.0365530162914087,0.0386516881908152
"72",70,"2021.12.01 18:09:48",2521.58724,0,0.75,-3.48,1.20276,0.011563,36.53328,26.8139,6,200.45772,1.927,26.36504,23.3322,26.71486,0,NA,8.95240792373764,0,0,0,0.0355308035372126,0.00584492027319449,0.00978938200296578,0.00955562661472249,0,5.9162805416072,0.973956877895526,0.0569067922132335,0.0388240260663418,0.0181643331834677
"73",71,"2021.12.01 18:09:48",2554.08494,0.15,0.75,-3.48,1.20614,0.0061922,36.5018,26.81458,6,201.02292,1.03198,26.31606,23.30334,26.72838,0,NA,10.6425571207299,0,0,0,0.0554703344139911,0.00459304563443474,0.00905731748367006,0.0253796572080878,0,9.24632065942989,0.765673009188648,0.0296217487667427,0.0360366202632828,0.0460542289046294
"74",72,"2021.12.01 18:09:48",2590.78878,0.3,0.75,-3.48,1.21794,0.0075528,36.46412,26.82262,6,202.98608,1.25894,26.31674,23.3589,26.69838,0,NA,9.36530087327679,0,0,0,0.0433531198415985,0.00443572245524898,0.0205283218992674,0.0146571484266205,0,7.22572838349186,0.739468439488799,0.0326831455034545,0.0278977597666913,0.0237731360993874
"75",73,"2021.12.01 18:09:48",2624.03752,0.45,0.75,-3.48,1.185,0.0067028,36.50348,26.8241,6,197.50244,1.1171,26.28744,23.32442,26.66702,0,NA,10.1239844894192,0,0,0,0.0335437773663015,0.0026788849732678,0.0535628322626813,0.0239883304963052,0,5.59245568359732,0.446461666887539,0.0252803876552553,0.0442187969081023,0.0179423242641521
"76",74,"2021.12.01 18:09:48",2659.3148,0.6,0.75,-3.48,1.22836,0.0084682,36.46846,26.80674,6,204.73138,1.41152,26.25548,23.27098,26.74218,0,NA,9.91723374459839,0,0,0,0.0779728350132275,0.00499570397441642,0.038342835054283,0.00618894175122046,0,12.9965281716695,0.832429247443889,0.0242247187806181,0.0294123613468895,0.0203282316004124
"77",75,"2021.12.01 18:09:48",2691.9586,0.75,0.75,-3.48,1.1702,0.0076726,36.4909,26.8189,6,195.03436,1.27896,26.31636,23.31868,26.71178,0,NA,9.45342465115166,0,0,0,0.0215183642501005,0.00425242275650011,0.0380636966150159,0.00919157222677378,0,3.58663569072746,0.7089553921087,0.0446393660349241,0.0428867345457777,0.0602281246594976
"78",76,"2021.12.01 18:09:48",2727.51984,0.9,0.75,-3.48,1.27298,0.0103546,36.5095,26.80792,6,212.16036,1.7258,26.24028,23.32206,26.6931,0,NA,11.8838246874902,0,0,0,0.0547627793304905,0.00366381847257748,0.0310763575729193,0.0259256051038344,0,9.1284422089971,0.610616655521285,0.0430423280039539,0.0135441131123455,0.0526598044052574
"79",77,"2021.12.01 18:09:48",2764.5709,1.05,0.75,-3.48,1.27396,0.0157062,36.47416,26.81374,6,212.3247,2.6178,26.232,23.27988,26.7192,0,NA,8.81477864327853,0,0,0,0.0128044133016707,0.00698970544443756,0.041745454842414,0.0267422512141369,0,2.13146591692196,1.1646888854969,0.0462612688974268,0.0175923847161205,0.0420400999047346
"80",78,"2021.12.01 18:09:48",2804.17114,1.2,0.75,-3.48,1.1621,0.0048522,36.4968,26.82912,6,193.68,0.80866,26.25888,23.33284,26.69422,0,NA,10.7938426256826,0,0,0,0.0252167602994516,0.00301512150667266,0.0134827667783746,0.0287490347664055,0,4.19782772276329,0.50252183833143,0.0426785309025512,0.0974216762327551,0.0315295417029798
"81",79,"2021.12.01 18:09:48",2839.05616,1.35,0.75,-3.48,1.16438,0.00717,36.51954,26.80704,6,194.06208,1.19498,26.21812,23.2766,26.68472,0,NA,8.78029405561106,0,0,0,0.0143219062976966,0.00423561270656324,0.0189958679717459,0.0111122904929626,0,2.38861768749208,0.705846804908827,0.0307472275172904,0.0492978194243917,0.0589255207868376
"82",80,"2021.12.01 18:09:48",2871.30234,1.5,0.75,-3.48,1.16368,0.0068952,36.48254,26.80514,6,193.94526,1.149,26.20116,23.28618,26.64578,0,NA,8.62309433022744,0,0,0,0.0318522683650631,0.00460983499704707,0.0449221882815175,0.0246644075542073,0,5.30619649683274,0.767894292855469,0.0423488842828242,0.0315469015911239,0.0745409753088853
"83",81,"2021.12.01 18:09:48",2905.92014,1.65,0.75,-3.48,1.1309,0.0062552,36.5055,26.83338,6,188.4819,1.0426,26.20914,23.31294,26.67982,0,NA,8.82639624694015,0,0,0,0.0103985575922817,0.00331852033291948,0.031114707133444,0.0197587195941432,0,1.72942356437051,0.553090679726209,0.0483530040431812,0.048078248720185,0.0447827198816689
"84",82,"2021.12.01 18:09:48",2939.838,1.8,0.75,-3.48,1.21014,0.0093156,36.49236,26.81842,6,201.68936,1.5528,26.18186,23.29692,26.72172,0,NA,9.54328049205298,0,0,0,0.0224606990096034,0.00318554003271031,0.0297543778291533,0.016215023897608,0,3.74660856682414,0.530857042903266,0.0704328971433096,0.085573401241274,0.0829951323873873
"85",83,"2021.12.01 18:09:48",2974.23312,1.95,0.75,-3.48,1.21546,0.0086756,36.46498,26.81248,6,202.57882,1.44586,26.20764,23.28646,26.68802,0,NA,10.0688789302485,0,0,0,0.0458061458758538,0.00396606288401987,0.0436164189268223,0.0159992812338563,0,7.63882136667693,0.660889474874581,0.0199467541219109,0.0439747996015903,0.03282692492452
"86",84,"2021.12.01 18:09:48",3012.11358,0,0.9,-3.48,1.17436,0.0069612,36.47684,26.82334,6,195.72898,1.16022,26.2143,23.2752,26.70706,0,NA,9.61991745349199,0,0,0,0.0220157443662485,0.00387103205876676,0.0513740012068352,0.0257149372933324,0,3.66955400587047,0.645157579200617,0.038434489719521,0.0793058951150542,0.0401248426788193
"87",85,"2021.12.01 18:09:48",3046.68636,0.15,0.9,-3.48,1.20652,0.0093744,36.50892,26.81148,6,201.08826,1.56238,26.19154,23.30964,26.70172,0,NA,9.66896711614016,0,0,0,0.0280015535283312,0.00330965720279306,0.0262869168979568,0.039456457012763,0,4.66662489418209,0.551656344112891,0.07801931171191,0.0739577446924927,0.0946694089978377
"88",86,"2021.12.01 18:09:48",3081.13202,0.3,0.9,-3.48,1.24146,0.01022,36.49156,26.81646,6,206.91298,1.70324,26.21176,23.29944,26.69028,0,NA,9.61928903360335,0,0,0,0.0265483144474372,0.00511583077319804,0.0270349403550312,0.0190134952073521,0,4.4264773400527,0.852390455131919,0.0239746324267961,0.0415628199235814,0.0181597632143142
"89",87,"2021.12.01 18:09:48",3115.1777,0.45,0.9,-3.48,1.15222,0.0076668,36.47902,26.81822,6,192.03312,1.2778,26.15344,23.25032,26.71664,0,NA,9.97278091682549,0,0,0,0.0124343073791827,0.00491590248072518,0.0546061077169945,0.0183057914333147,0,2.07128233517307,0.819128466725458,0.020749891565982,0.0820633718537091,0.0313113078615373
"90",88,"2021.12.01 18:09:48",3151.56558,0.6,0.9,-3.48,1.14738,0.0043674,36.47536,26.80054,6,191.229,0.72798,26.16244,23.26264,26.71872,0,NA,8.83570536131664,0,0,0,0.0263212271750388,0.00176974272141461,0.0527075231821786,0.0297205820938958,0,4.38686214166801,0.295147940870337,0.045028302210943,0.0302145329270533,0.0337895989914055
"91",89,"2021.12.01 18:09:48",3183.5335,0.75,0.9,-3.48,1.16636,0.0064668,36.47824,26.80398,6,194.3898,1.07792,26.14418,23.26506,26.70052,0,NA,9.34281458822766,0,0,0,0.0220717692992656,0.00414459493798851,0.0479055111652094,0.0262103414704965,0,3.67823385675788,0.691047239340409,0.068032947900263,0.103095455767943,0.0553359015468258
"92",90,"2021.12.01 18:09:48",3220.72268,0.9,0.9,-3.48,1.17296,0.007995,36.48706,26.80312,6,195.49556,1.3326,26.15196,23.28696,26.65802,0,NA,10.6349854427264,0,0,0,0.0348579689597659,0.00485349935613471,0.0351410443783333,0.0249415717227285,0,5.8094073375001,0.809049009640331,0.0434372305747036,0.0660284635592858,0.0372509999865771
"93",91,"2021.12.01 18:09:48",3256.39184,1.05,0.9,-3.48,1.15704,0.0048798,36.4675,26.81392,6,192.83884,0.81352,26.12944,23.29364,26.6754,0,NA,10.3518057691883,0,0,0,0.0274778638179899,0.00414386217193574,0.0189810431747034,0.0308106637383888,0,4.57797730477118,0.691031303198343,0.0663337621426672,0.0246813289755644,0.0379673543982196
"94",92,"2021.12.01 18:09:48",3293.08068,1.2,0.9,-3.48,1.23012,0.0107134,36.4935,26.81194,6,205.0214,1.78526,26.1347,23.3256,26.65914,0,NA,9.39178761189796,0,0,0,0.0623952882836517,0.00812219808918743,0.0195116631787252,0.0339342452398758,0,10.3998268694724,1.35327109553112,0.0509367745347103,0.0385084406331924,0.0436589967818779
"95",93,"2021.12.01 18:09:48",3325.94962,1.35,0.9,-3.48,1.48678,0.020399,36.49256,26.7987,6,247.79708,3.39964,26.10708,23.32486,26.6735,0,NA,8.8991615884307,0,0,0,0.0825169800707709,0.0212872263341188,0.0271318631870335,0.033030289129827,0,13.75338579376,3.54753313909821,0.0486404872508498,0.0371702569267425,0.0520117294463468
"96",94,"2021.12.01 18:09:48",3359.58978,1.5,0.9,-3.48,1.18402,0.00513534,36.48718,26.81414,6,197.33558,0.85612,26.119,23.32976,26.69284,0,NA,8.73905144034517,0,0,0,0.0355264267834524,0.00496019721160359,0.0300186108939103,0.0111262302690543,0,5.91833022287537,0.827022621818775,0.0498888264043159,0.0448898429491575,0.0386577029840119
"97",95,"2021.12.01 18:09:48",3393.41418,1.65,0.9,-3.48,1.2553,0.008037,36.47776,26.80096,6,209.21698,1.33932,26.14098,23.29132,26.6395,0,NA,9.64949227845691,0,0,0,0.0611526777827432,0.00536671291387941,0.0388641608683362,0.0227380298179062,0,10.1914211598285,0.894244089720475,0.0349344672207832,0.0822977034916523,0.0608533483055777
"98",96,"2021.12.01 18:09:48",3427.89366,1.8,0.9,-3.48,1.16288,0.0075432,36.47146,26.79842,6,193.81276,1.25696,26.0776,23.32012,26.69856,0,NA,9.61732264993746,0,0,0,0.0312083642634471,0.00348322217206999,0.0241208001525657,0.0244425244195433,0,5.19822542489262,0.580392064039473,0.0444387218538057,0.0434751883262159,0.0343687794371578
"99",97,"2021.12.01 18:09:48",3461.58668,1.95,0.9,-3.48,1.18448,0.0129722,36.5257,26.82566,6,197.41372,2.16216,26.12586,23.27304,26.71264,0,NA,9.34123932205997,0,0,0,0.0229737241212652,0.00796211574897024,0.0319635730167965,0.0248332035790796,0,3.82982672871763,1.32719008736503,0.0414909990238851,0.0657082795391869,0.05363387921827
"100",98,"2021.12.01 18:09:48",3497.70392,0,1.05,-3.48,1.25594,0.0104586,36.45158,26.79476,6,209.32524,1.743,26.07526,23.25234,26.70106,0,NA,9.98867145154953,0,0,0,0.0477996129691445,0.00510438055007657,0.0332539020266793,0.0214712132866305,0,7.97151020936435,0.850615659390303,0.0565436822288752,0.10878813354406,0.0752632911850133
"101",99,"2021.12.01 18:09:48",3532.18424,0.15,1.05,-3.48,1.21096,0.0095514,36.47486,26.80028,6,201.82594,1.59206,26.11546,23.26876,26.71332,0,NA,9.31022670255668,0,0,0,0.0166768702099645,0.00783852306241425,0.0383777018592845,0.0168590331869896,0,2.77834009131352,1.30650675773224,0.0443645466560859,0.042286144302833,0.0654614924974992
"102",100,"2021.12.01 18:09:48",3569.94476,0.3,1.05,-3.48,1.36188,0.0105492,36.48706,26.7874,6,226.98092,1.7584,26.054,23.32452,26.71284,0,NA,9.22319600317596,0,0,0,0.0996537104176257,0.003386749429763,0.0354323016469431,0.0196669773986753,0,16.6121603046383,0.564596581640378,0.0436198922511277,0.0411911034083812,0.0379397944116723
"103",101,"2021.12.01 18:09:48",3603.2278,0.45,1.05,-3.48,1.1467,0.0061036,36.48394,26.80984,6,191.11812,1.01716,26.06862,23.31194,26.72628,0,NA,9.6462534390301,0,0,0,0.0191496736264616,0.0022898086819645,0.0190463382307477,0.0238182283136259,0,3.18870192351057,0.381552411865002,0.0172556367602011,0.049491039593041,0.0343056409355665
"104",102,"2021.12.01 18:09:48",3639.09252,0.6,1.05,-3.48,1.13586,0.0058238,36.44894,26.78724,6,189.3095,0.97042,26.06762,23.2841,26.72144,0,NA,8.95678775437933,0,0,0,0.00956310618993641,0.00375395127831995,0.0073910756997867,0.0118622510511286,0,1.59872663548213,0.625382124784519,0.0636687285879028,0.0413967993931906,0.0436762292328447
"105",103,"2021.12.01 18:09:48",3672.39456,0.75,1.05,-3.48,1.1867,0.0101042,36.48844,26.79596,6,197.78214,1.68394,26.05632,23.32218,26.71902,0,NA,9.33051769158594,0,0,0,0.0340926678334213,0.0055788283895456,0.0288865539654716,0.0120657780519937,0,5.68077982481279,0.929488363563525,0.0414008091708364,0.0392603107476243,0.0159143645804668
"106",104,"2021.12.01 18:09:48",3706.61428,0.9,1.05,-3.48,1.18562,0.0038088,36.42874,26.7793,6,197.60616,0.63484,26.07712,23.32872,26.69018,0,NA,9.04855891603736,0,0,0,0.0452796532672237,0.00115971061045418,0.0281723800911458,0.0243549789570846,0,7.54923370667514,0.193295649200907,0.0351782176922027,0.0199572543201704,0.0397111697133181
"107",105,"2021.12.01 18:09:48",3741.0404,1.05,1.05,-3.48,1.22796,0.01251944,36.49302,26.81016,6,204.66226,2.08684,26.07148,23.29264,26.72166,0,NA,9.68245280830226,0,0,0,0.0548592562836939,0.012186063678153,0.0228219631057434,0.0150461955324264,0,9.14457911240315,2.03098732837012,0.0584408418830529,0.0345753235704314,0.034527568695174
"108",106,"2021.12.01 18:09:48",3775.7663,1.2,1.05,-3.48,1.12436,0.0054846,36.46082,26.78384,6,187.3911,0.91396,26.05146,23.2718,26.69206,0,NA,9.94166178563719,0,0,0,0.0151572754807717,0.003327500458302,0.0362969282446888,0.0249623316218656,0,2.52683720191863,0.55445830140778,0.0333479084801435,0.071413549134601,0.0776161259017732
"109",107,"2021.12.01 18:09:48",3812.9118,1.35,1.05,-3.48,1.17,0.0075154,36.469,26.7791,6,194.99414,1.25244,26.06934,23.24878,26.6612,0,NA,10.7904368556142,0,0,0,0.0250546402887768,0.00183744749584852,0.0324272262150167,0.0176124955642295,0,4.176453163032,0.306214766136449,0.0442464461849765,0.0253809377289342,0.0489944384598903
"110",108,"2021.12.01 18:09:48",3848.48078,1.5,1.05,-3.48,1.43042,0.0147168,36.45844,26.77268,6,238.4024,2.4528,26.0604,23.19886,26.67272,0,NA,9.84814827756976,0,0,0,0.145610102671484,0.00783387970293136,0.0429781688767682,0.017238242369802,0,24.2719697288869,1.30603816942691,0.0521795937124846,0.0230052820021832,0.0528271426446674
"111",109,"2021.12.01 18:09:48",3882.44,1.65,1.05,-3.48,1.23048,0.0113838,36.4428,26.77674,6,205.08266,1.89696,26.00338,23.24848,26.72114,0,NA,9.67438615236134,0,0,0,0.116296805631109,0.00789304394387869,0.0197619584049777,0.0117058959503319,0,19.3790757095895,1.31545007811015,0.0368205377472957,0.0500029699117958,0.0512312697480747
"112",110,"2021.12.01 18:09:48",3917.62322,1.8,1.05,-3.48,1.19946,0.0119446,36.48618,26.80302,6,199.90988,1.99048,26.06946,23.25386,26.73188,0,NA,9.9647803112763,0,0,0,0.0201383465061062,0.00510778041814642,0.0242612242065405,0.0194135777228212,0,3.35980612342438,0.850996152752761,0.0464872348069874,0.0575806651576732,0.0288962281275603
"113",111,"2021.12.01 18:09:48",3952.90232,1.95,1.05,-3.48,1.26998,0.0119206,36.49164,26.80496,6,211.66646,1.9865,26.02904,23.2566,26.71874,0,NA,10.0540938677735,0,0,0,0.0274783005296907,0.00769745619019686,0.0152421455182665,0.0140234803098238,0,4.5805402899658,1.28283309514527,0.0302204897379246,0.0427627174066395,0.0257896878616244
"114",112,"2021.12.01 18:09:48",3991.0851,0,1.2,-3.48,1.15124,0.0085862,36.45726,26.79682,6,191.8736,1.4312,26.04876,23.2667,26.68092,0,NA,10.4356393194188,0,0,0,0.0109404296076525,0.00470433063251298,0.0337105028144027,0.0265626994110158,0,1.82232307783225,0.784330236571305,0.0537617243027048,0.0502416659755618,0.0404018811443227
"115",113,"2021.12.01 18:09:48",4027.034,0.15,1.2,-3.48,1.17324,0.0114518,36.44306,26.78992,6,195.54226,1.90878,26.02654,23.24224,26.68512,0,NA,9.6442934795659,0,0,0,0.0289863416111795,0.00347165035681879,0.0147403527773234,0.0221829213585587,0,4.83142866324238,0.578751364577225,0.0144294144025325,0.0776358357976521,0.0433428425463762
"116",114,"2021.12.01 18:09:48",4061.52572,0.3,1.2,-3.48,1.44042,0.017329,36.49486,26.79414,6,240.07014,2.88824,26.01014,23.25416,26.69336,0,NA,9.91402021669321,0,0,0,0.0388991259541907,0.0119209974414895,0.0156317945227006,0.0228358928005884,0,6.48286154510491,1.98680403865102,0.0159066967029618,0.0809748294224818,0.0951771926461372
"117",115,"2021.12.01 18:09:48",4095.64386,0.45,1.2,-3.48,1.3143,0.021688,36.45536,26.77654,6,219.04876,3.615,25.98994,23.20932,26.7098,0,NA,9.08432483693752,0,0,0,0.0681486977131625,0.00665566450476585,0.028148499071886,0.0152193298144177,0,11.3585022308401,1.10914065834771,0.0486815981660415,0.0451048999555484,0.0240381987677953
"118",116,"2021.12.01 18:09:48",4131.18958,0.6,1.2,-3.48,1.24534,0.0104316,36.4079,26.76762,6,207.55956,1.73868,26.0177,23.2039,26.67544,0,NA,10.090584863971,0,0,0,0.0641377657858457,0.00905337546443314,0.0265922921163265,0.006197338138266,0,10.6865553916124,1.50914507155542,0.0293249040919148,0.0298441786618435,0.0647524362476039
"119",117,"2021.12.01 18:09:48",4167.5856,0.75,1.2,-3.48,1.17362,0.0121572,36.47892,26.77072,6,195.60442,2.026,26.02602,23.24882,26.69748,0,NA,9.63150927191558,0,0,0,0.0223664257314395,0.0033589491213771,0.0335358315835474,0.0297724201233285,0,3.72424959045443,0.559517649408846,0.0264342959051307,0.0430388429212501,0.0298528390609668
"120",118,"2021.12.01 18:09:48",4201.45012,0.9,1.2,-3.48,1.18554,0.0108732,36.44538,26.77584,6,197.59104,1.81198,26.03542,23.27418,26.6853,0,NA,10.6738936640759,0,0,0,0.0409932067542904,0.00561471314494338,0.0140184521256812,0.0226146633846265,0,6.83153182624512,0.935519295364879,0.0323856758459657,0.0366555180020697,0.0447427647782308
"121",119,"2021.12.01 18:09:48",4238.5961,1.05,1.2,-3.48,1.18546,0.0102038,36.46706,26.76426,6,197.58232,1.70062,26.02296,23.28248,26.72154,0,NA,11.5907378091303,0,0,0,0.0392133013147324,0.00962541423524203,0.0166665233327161,0.0175705150749773,0,6.53600386528343,1.60432398598288,0.0556518912526787,0.0439888281271503,0.0220765259948206
"122",120,"2021.12.01 18:09:48",4280.59482,1.2,1.2,-3.48,1.24364,0.005645,36.43548,26.76788,6,207.27312,0.94102,25.99258,23.29526,26.6719,0,NA,12.0231496358901,0,0,0,0.0619691294113448,0.00528744867587384,0.0273316117344009,0.0191456783635363,0,10.3291738249969,0.881650538478824,0.0586578809709323,0.0326576637253806,0.0680589450403101
"123",121,"2021.12.01 18:09:48",4325.42004,1.35,1.2,-3.48,1.17282,0.0079848,36.47428,26.79618,6,195.46926,1.33072,25.98742,23.2824,26.6521,0,NA,13.4661146595075,0,0,0,0.0608862217582927,0.00369653394411576,0.0442598802528879,0.0199011808694865,0,10.1444005768207,0.615998126620528,0.0335566237872645,0.0696208302162504,0.0432549997110155
"124",122,"2021.12.01 18:09:48",4373.91786,1.5,1.2,-3.48,1.33788,0.0089658,36.44134,26.77152,6,222.98158,1.49436,26.0443,23.27656,26.66664,0,NA,13.0315091554281,0,0,0,0.104131176887616,0.00226308212400699,0.0344670567353804,0.0250353150569353,0,17.3529139799919,0.377296631312817,0.0656188616176777,0.0477331436215973,0.01453815669196
"125",123,"2021.12.01 18:09:48",4410.80886,1.65,1.2,-3.48,1.23316,0.0065788,36.49204,26.78844,6,205.52262,1.09628,26.0217,23.29628,26.68538,0,NA,9.36132025106516,0,0,0,0.0978306342614623,0.00522918738428831,0.0177870177376639,0.0174870809456578,0,16.305717245862,0.871085892435413,0.0403847124540962,0.0485092980777915,0.0633071638916159
"126",124,"2021.12.01 18:09:48",4455.85578,1.8,1.2,-3.48,1.16232,0.0048962,36.46464,26.77856,6,193.71748,0.81598,25.99442,23.28938,26.6841,0,NA,16.8215913895504,0,0,0,0.0240966180199629,0.00182120926859052,0.016304079244164,0.0254241617364275,0,4.01355797478995,0.303562484506897,0.0653533625760755,0.034085216736879,0.0622547990118028
"127",125,"2021.12.01 18:09:48",4498.89334,1.95,1.2,-3.48,1.31968,0.009579,36.40572,26.76738,6,219.94792,1.59644,25.97982,23.30292,26.68854,0,NA,9.60751946045395,0,0,0,0.0724872195631754,0.00776840472684064,0.0360385488054119,0.00864794773342252,0,12.0835168627349,1.29484631636345,0.0602198223179056,0.0399795822889644,0.0283504497318825
"128",126,"2021.12.01 18:09:48",4540.01192,0,1.35,-3.48,1.36146,0.0102712,36.45978,26.78264,6,226.90982,1.7118,26.01214,23.34234,26.69568,0,NA,8.8875597183365,0,0,0,0.0510591617635856,0.00296619338546899,0.0542457095077572,0.0326769490619916,0,8.50934654641588,0.494193990250792,0.0448597592503576,0.0346413481261915,0.0353640636805225
"129",127,"2021.12.01 18:09:48",4573.93288,0.15,1.35,-3.48,1.3311,0.0112444,36.47174,26.78526,6,221.84856,1.87412,26.02222,23.30546,26.70858,0,NA,9.6222160702199,0,0,0,0.105291951259344,0.00721358099698063,0.0427687736555519,0.0119389279250691,0,17.5518332392374,1.20240191782948,0.0266719328133523,0.047868862530878,0.0329689550941492
"130",128,"2021.12.01 18:09:48",4612.84564,0.3,1.35,-3.48,1.34022,0.0134498,36.43498,26.75834,6,223.37062,2.2418,25.98326,23.30324,26.64002,0,NA,11.8252958228534,0,0,0,0.102076378266473,0.00612144739420343,0.0369315177050717,0.0210886936532361,0,17.018448151697,1.02042672446384,0.0386797492235927,0.0238003781482566,0.0462113297796105
"131",129,"2021.12.01 18:09:48",4647.52934,0.45,1.35,-3.48,1.48262,0.0189736,36.46786,26.76778,6,247.102,3.162,25.98344,23.31546,26.64284,0,NA,9.12496700585822,0,0,0,0.112136889559146,0.0132236755404842,0.049654536550048,0.0105847531855971,0,18.690229436794,2.20412715150465,0.0265809706369043,0.0441708387966538,0.0326342304949879
"132",130,"2021.12.01 18:09:48",4680.33176,0.6,1.35,-3.48,1.1785,0.006204,36.44488,26.76686,6,196.41698,1.03388,26.01404,23.2815,26.64546,0,NA,9.27238490858735,0,0,0,0.0247005060676902,0.00372211868429796,0.0405395732587312,0.0369436462737501,0,4.11505545126673,0.620051987336546,0.0188354187635953,0.0482374854236832,0.046092656681949
"133",131,"2021.12.01 18:09:48",4711.77214,0.75,1.35,-3.48,1.3422,0.0218,36.42474,26.76642,6,223.69788,3.6334,25.97774,23.31812,26.68428,0,NA,8.16482139565852,0,0,0,0.171046879538915,0.0112522153374347,0.0313875453006443,0.01701593370932,0,28.5037985528596,1.87523659840565,0.045089721666917,0.0406237861357114,0.0146105099158108
"134",132,"2021.12.01 18:09:48",4741.22206,0.9,1.35,-3.48,1.3898,0.010324,36.45288,26.76316,6,231.63832,1.72058,25.99348,23.26768,26.68408,0,NA,8.09859545186678,0,0,0,0.0964737788209833,0.010242655124527,0.02160444398729,0.0197679791582251,0,16.0768411160899,1.70699125422481,0.0367044547705052,0.0352392820585205,0.0510614531716443
"135",133,"2021.12.01 18:09:48",4775.79808,1.05,1.35,-3.48,1.1581,0.0096368,36.46404,26.74466,6,193.01936,1.6061,25.97326,23.33018,26.66696,0,NA,9.65076650152715,0,0,0,0.0246218398987566,0.00909654652601744,0.0296108594944497,0.00947618066522572,0,4.10386067904358,1.51609583470175,0.0350446572247465,0.0524062210047622,0.0548590284274163
"136",134,"2021.12.01 18:09:48",4806.9577,1.2,1.35,-3.48,1.28892,0.013928,36.44986,26.76284,6,214.82118,2.3214,25.99264,23.37152,26.59794,0,NA,8.10060687911693,0,0,0,0.0755482097736273,0.00251506858753395,0.0334023651857165,0.0257153261694273,0,12.5877667203917,0.419048684522455,0.0154808914472003,0.0245207463181692,0.0563996719848622
"137",135,"2021.12.01 18:09:48",4838.26098,1.35,1.35,-3.48,1.29652,0.0132646,36.45954,26.77426,6,216.08562,2.21042,25.97448,23.29238,26.64954,0,NA,8.95787742336312,0,0,0,0.12210432834261,0.00753872554215897,0.0378760214383733,0.0309291609973503,0,20.352399816287,1.25605224095178,0.0614542268684589,0.0509466093081769,0.0606101724135471
"138",136,"2021.12.01 18:09:48",4869.28328,1.5,1.35,-3.48,1.42758,0.011927,36.39948,26.75666,6,237.93044,1.98794,26.01314,23.30746,26.65766,0,NA,8.59578671018539,0,0,0,0.17634150674189,0.00996667128483728,0.0427694634055648,0.027419390948742,0,29.3871473941926,1.66086664666372,0.0270740281450694,0.0335808427529744,0.0230328678197052
"139",137,"2021.12.01 18:09:48",4900.19674,1.65,1.35,-3.48,1.26148,0.0063678,36.46004,26.76996,6,210.2458,1.06136,25.986,23.34732,26.68506,0,NA,8.02111917646139,0,0,0,0.0281223576536535,0.00344862192766908,0.0308925233673144,0.0206446845459071,0,4.68967234516442,0.574809923365977,0.0730182169050986,0.038793001946226,0.0277571252113767
"140",138,"2021.12.01 18:09:48",4934.785,1.8,1.35,-3.48,1.27734,0.018174,36.441,26.77406,6,212.89006,3.029,25.93832,23.33436,26.67646,0,NA,8.012894925993,0,0,0,0.0599071197772018,0.00443785759122575,0.0417092315920582,0.00581059377344597,0,9.98345491265424,0.739928037041441,0.075564886025191,0.0764103592453268,0.027773512561431
"141",139,"2021.12.01 18:09:48",4964.59678,1.95,1.35,-3.48,1.33948,0.0180952,36.44564,26.76854,6,223.25036,3.0162,25.9648,23.31998,26.65514,0,NA,8.77411523841563,0,0,0,0.137588960312955,0.008982067980148,0.0431891537309999,0.0112717789190523,0,22.9346705686609,1.49736642142129,0.0439892600528805,0.0297495714254838,0.0324918912961373
"142",140,"2021.12.01 18:09:48",5000.09034,0,1.5,-3.48,1.14198,0.0061154,36.4384,26.77116,6,190.32614,1.01918,25.96374,23.2905,26.67484,0,NA,9.68535486536226,0,0,0,0.0259590446665512,0.00356079033361977,0.0198593806549943,0.0278222572772241,0,4.32481055342312,0.593565255047834,0.0466292075849451,0.0295554563490402,0.0426051405349173
"143",141,"2021.12.01 18:09:48",5034.71236,0.15,1.5,-3.48,1.20226,0.009882,36.44864,26.75222,6,200.37688,1.64702,25.97736,23.30504,26.65112,0,NA,10.6522736325631,0,0,0,0.0294153531340353,0.0073812588695967,0.0295374846593273,0.0186324179858659,0,4.90653025436509,1.23027640471562,0.0262986311430845,0.043699576656989,0.037673956521714
"144",142,"2021.12.01 18:09:48",5071.03936,0.3,1.5,-3.48,1.1528,0.00343454,36.42604,26.75956,6,192.1338,0.572378,25.97744,23.35014,26.69128,0,NA,10.5194489695515,0,0,0,0.0205244975577966,0.00246043806221575,0.0286406703832143,0.0158664110623669,0,3.42275478233542,0.410013078962123,0.0767933135110086,0.0419260420264071,0.076793176780232
"145",143,"2021.12.01 18:09:48",5107.30348,0.45,1.5,-3.48,1.20622,0.0090744,36.42272,26.75178,6,201.03804,1.51228,25.96892,23.31342,26.66082,0,NA,7.933392748818,0,0,0,0.0347132827603498,0.00393982541491371,0.030677222820848,0.0325141046316832,0,5.78717279144143,0.656884915339057,0.0485298052746971,0.0295974154277029,0.0432576236055564
"146",144,"2021.12.01 18:09:48",5140.85312,0.6,1.5,-3.48,1.19096,0.0078364,36.41972,26.74648,6,198.4903,1.30614,25.94178,23.28574,26.66062,0,NA,8.94003338287957,0,0,0,0.060035930908082,0.0046992739119996,0.0226578242556522,0.0158395707012534,0,10.0035842681511,0.783369381581895,0.0731434686079354,0.0573880910991131,0.0706978217486228
"147",145,"2021.12.01 18:09:48",5176.88938,0.75,1.5,-3.48,1.2782,0.0147454,36.44394,26.7585,6,213.03172,2.4578,25.97446,23.33664,26.68264,0,NA,9.68242336953945,0,0,0,0.0535648205448315,0.00616204436855172,0.0375480758495011,0.0210809155398907,0,8.92962847334648,1.02698719563586,0.0521145661020023,0.0763673555912471,0.02330253205126
"148",146,"2021.12.01 18:09:48",5211.30936,0.9,1.5,-3.48,1.36134,0.0151546,36.45442,26.75994,6,226.8899,2.52558,25.98454,23.27992,26.6462,0,NA,9.96534074344694,0,0,0,0.0721968351106889,0.013517868962969,0.0236234417475518,0.0158782240820565,0,12.0355105192925,2.25279915482939,0.0421657799643266,0.0448494927507544,0.0422049760099443
"149",147,"2021.12.01 18:09:48",5248.12348,1.05,1.5,-3.48,1.1444,0.008325,36.41276,26.76906,6,190.73792,1.38738,25.95978,23.33222,26.70542,0,NA,9.71378463277854,0,0,0,0.0305040980853393,0.0046311556872988,0.0336667937291321,0.025181203307229,0,5.07970473423407,0.771690535124022,0.0348675637233231,0.0426585513115488,0.0189767489312579
"150",148,"2021.12.01 18:09:48",5282.51144,1.2,1.5,-3.48,1.30892,0.013623,36.45396,26.75122,6,218.15732,2.27034,25.956,23.34802,26.7236,0,NA,9.62737255864761,0,0,0,0.0975115223960738,0.00787399961899923,0.0133530146408948,0.0226906809064862,0,16.2560764673398,1.31222447698555,0.0726514624766766,0.0589222962892655,0.0520524254958406
"151",149,"2021.12.01 18:09:48",5317.9238,1.35,1.5,-3.48,1.43346,0.01852,36.45022,26.76218,6,238.91078,3.0864,25.95622,23.28406,26.69714,0,NA,9.34084065461995,0,0,0,0.152568699280029,0.00801875302026444,0.0281185348124697,0.0229634927656909,0,25.4289110012993,1.33618348290944,0.0139916760968805,0.0517411151793223,0.0497767817360672
"152",150,"2021.12.01 18:09:48",5351.45456,1.5,1.5,-3.48,1.14072,0.0086796,36.40788,26.75932,6,190.12342,1.44668,25.94752,23.29546,26.66518,0,NA,9.62718351611754,0,0,0,0.0351406744386046,0.00469518235002646,0.00879982954380494,0.0172253301855153,0,5.85825248918139,0.782233476655148,0.0617143176256528,0.0582242475262662,0.0787647256073433
"153",151,"2021.12.01 18:09:48",5386.7769,1.65,1.5,-3.48,1.32002,0.01545046,36.41728,26.75654,6,220.00146,2.57518,25.90038,23.28264,26.67528,0,NA,9.88147384022237,0,0,0,0.0363618206364863,0.0110576902700338,0.0373132282173487,0.0151979603894738,0,6.06086463905934,1.84310816611505,0.069524110925634,0.0489447954332231,0.040561521174631
"154",152,"2021.12.01 18:09:48",5420.71564,1.8,1.5,-3.48,1.26798,0.0110968,36.44962,26.76484,6,211.3299,1.84934,25.97268,23.31878,26.67252,0,NA,8.87021424504506,0,0,0,0.0408566028935348,0.00703588297230703,0.0469464269140907,0.0263110813156734,0,6.80873385072438,1.17241546305053,0.0582340707833485,0.0357077302555063,0.0467613836407777
"155",153,"2021.12.01 18:09:48",5455.00502,1.95,1.5,-3.48,1.6121,0.0272716,36.44426,26.75342,6,268.68416,4.5456,25.90706,23.3167,26.7326,0,NA,9.52647361708413,0,0,0,0.220791089041202,0.0216351938470632,0.01575652245897,0.00935077536891995,0,36.8025243008954,3.60729584314899,0.0190332078221201,0.0473835942072772,0.0407587413937182
"156",154,"2021.12.01 18:09:48",5492.44824,0,1.65,-3.48,1.43644,0.0192284,36.4245,26.75296,6,239.40876,3.2048,25.98518,23.2691,26.65604,0,NA,10.1766866185908,0,0,0,0.187640941694503,0.00632445434800505,0.0525417453078964,0.016595421055218,0,31.2768536058696,1.05462941358564,0.0719803237003005,0.0655721358505275,0.0695379968075016
"157",155,"2021.12.01 18:09:48",5526.87132,0.15,1.65,-3.48,1.3702,0.02357,36.43496,26.76054,6,228.36916,3.9284,25.92544,23.27258,26.65324,0,NA,9.60972066331785,0,0,0,0.0252875463420238,0.00890311181553955,0.029321886023923,0.0264057380127874,0,4.21694226104651,1.48377737548461,0.0379885903923786,0.0670076637407984,0.068597835242812
"158",156,"2021.12.01 18:09:48",5562.32706,0.3,1.65,-3.48,1.1715,0.00571056,36.42188,26.75218,6,195.25104,0.95182,25.93822,23.32408,26.68652,0,NA,8.91048767565495,0,0,0,0.0288247289666356,0.00377219703462054,0.026286346265694,0.0208581398978917,0,4.80771266331506,0.62887270731047,0.0488271133695209,0.0651620825327121,0.0481930700412415
"159",157,"2021.12.01 18:09:48",5595.87988,0.45,1.65,-3.48,1.54654,0.0172112,36.46108,26.76046,6,257.75752,2.86848,25.96654,23.33908,26.62826,0,NA,9.72124921792476,0,0,0,0.0911619876922393,0.0117689853938222,0.0457484098084304,0.0299551831908936,0,15.1956271945912,1.96160298021796,0.0540875956204382,0.0628505131243965,0.0654582156799287
"160",158,"2021.12.01 18:09:48",5630.18156,0.6,1.65,-3.48,1.44106,0.0136934,36.4091,26.75842,6,240.17676,2.28216,25.96538,23.32334,26.6478,0,NA,9.35747446499305,0,0,0,0.0748992523327169,0.0073683877340976,0.0401985696262926,0.0187651805213805,0,12.4828778968634,1.22787178809516,0.0299577535873432,0.0593699250462726,0.0564543178153811
"161",159,"2021.12.01 18:09:48",5663.01958,0.75,1.65,-3.48,1.4013,0.0198954,36.41556,26.75432,6,233.5469,3.31598,25.9272,23.31124,26.68308,0,NA,9.20979756520201,0,0,0,0.11549638522482,0.0146979184172453,0.0219126219334893,0.0115543065564314,0,19.2508352948645,2.4495594812129,0.0444142432109344,0.0587363856565925,0.0656144191470132
"162",160,"2021.12.01 18:09:48",5698.22568,0.9,1.65,-3.48,1.4922,0.047234,36.45836,26.7594,6,248.7029,7.8732,25.96042,23.29564,26.6374,0,NA,9.60498712607151,0,0,0,0.141681738413954,0.0309555008035729,0.0347366233246713,0.0189280215553556,0,23.6102527792483,5.15938956660572,0.0396114503647621,0.0460890767970031,0.0421098563284186
"163",161,"2021.12.01 18:09:48",5733.84402,1.05,1.65,-3.48,1.28762,0.030982,36.41802,26.75478,6,214.60346,5.164,25.95688,23.34336,26.69686,0,NA,9.76023434360053,0,0,0,0.0600124320453687,0.0233114579123658,0.0380031182931074,0.029648726785479,0,10.0012053005125,3.88597973489312,0.033271940129785,0.0143813420792349,0.0561512510991526
"164",162,"2021.12.01 18:09:48",5768.50414,1.2,1.65,-3.48,1.62024,0.0150448,36.40812,26.7494,6,270.0427,2.5078,25.96192,23.31502,26.68326,0,NA,8.84768698293493,0,0,0,0.352658777006897,0.00479008196172049,0.027168676817246,0.0110722626413944,0,58.7764655454885,0.798508421996913,0.0401199700897189,0.0719236887263155,0.0376922803767566
"165",163,"2021.12.01 18:09:48",5803.49522,1.35,1.65,-3.48,1.2588,0.0121752,36.46744,26.74312,6,209.7976,2.0292,25.95394,23.344,26.6829,0,NA,9.73306428608155,0,0,0,0.09123795810955,0.00824198384492472,0.0157774522658132,0.00276622486432314,0,15.2075320014459,1.37363958154969,0.0157067819746753,0.027571089931304,0.0352075986116631
"166",164,"2021.12.01 18:09:48",5836.8544,1.5,1.65,-3.48,1.5339,0.034074,36.40056,26.73272,6,255.65132,5.6792,25.92964,23.30896,26.66376,0,NA,8.49152873839558,0,0,0,0.0940200510529536,0.0148710181225093,0.0154276699472067,0.0180328034426152,0,15.6718061148676,2.47843028951794,0.0469357326564737,0.061670357547204,0.0379627185538658
"167",165,"2021.12.01 18:09:48",5869.14982,1.65,1.65,-3.48,1.23292,0.0100658,36.40464,26.75582,6,205.48834,1.678,25.94358,23.29706,26.66628,0,NA,8.5069859466791,0,0,0,0.013111521650823,0.00465243787707047,0.0437191376859148,0.016488996330887,0,2.18386755161571,0.775735779760093,0.0284159638231749,0.02707070372192,0.0441995701336563
"168",166,"2021.12.01 18:09:48",5901.25172,1.8,1.65,-3.48,1.22896,0.0077636,36.41222,26.73158,6,204.82532,1.2941,25.94268,23.28342,26.68228,0,NA,8.72114916579216,0,0,0,0.038599650257483,0.00444270472797822,0.00956331532471879,0.00991524079384846,0,6.4323090089796,0.740789828493885,0.019993298877374,0.0218118545749787,0.0559964909614883
"169",167,"2021.12.01 18:09:48",5934.19628,1.95,1.65,-3.48,1.22912,0.012808,36.42606,26.75674,6,204.8523,2.1348,25.94442,23.24952,26.68188,0,NA,8.73349658739276,0,0,0,0.0245081007016048,0.00250830022126539,0.0320420504961852,0.0249549193547084,0,4.08681038769846,0.418339216426096,0.0419474313873936,0.0447408873403284,0.0425074934570368
"170",168,"2021.12.01 18:09:48",5972.72836,0,1.8,-3.48,1.24188,0.0126964,36.46196,26.76198,6,206.98042,2.116,25.92218,23.2201,26.65048,0,NA,10.7417293993099,0,0,0,0.0413058954629966,0.00226895015370545,0.0227242821668809,0.0191090816105848,0,6.88133507591369,0.378253222061624,0.0408473010124295,0.0506300306142507,0.0261513288381297
"171",169,"2021.12.01 18:09:48",6005.39194,0.15,1.8,-3.48,1.42204,0.015293,36.41346,26.73242,6,237.00572,2.5484,25.93908,23.29798,26.65154,0,NA,9.03911664229413,0,0,0,0.141805035171534,0.00975167267703341,0.0459543577911808,0.0226523067258057,0,23.6346116028379,1.6250231690656,0.014860921909491,0.0376990318178069,0.0330045148426686
"172",170,"2021.12.01 18:09:48",6039.606,0.3,1.8,-3.48,1.2724,0.01052,36.41744,26.75002,6,212.06328,1.75308,25.90258,23.2554,26.68854,0,NA,9.36871288838531,0,0,0,0.0808674532800433,0.00436163959996697,0.0274669437688298,0.0265056031812138,0,13.4808691458303,0.726750667010358,0.0609736582468201,0.0510918780238102,0.0292343633417934
"173",171,"2021.12.01 18:09:48",6074.54406,0.45,1.8,-3.48,1.49598,0.0283614,36.45484,26.75522,6,249.33132,4.7268,25.9565,23.24654,26.6912,0,NA,9.92080292834194,0,0,0,0.170362369671239,0.0184907595787734,0.0446959505995803,0.0167142753357723,0,28.3941594567791,3.08177849625829,0.0427299660659828,0.0517615494358505,0.0519127633631653
"174",172,"2021.12.01 18:09:48",6109.37584,0.6,1.8,-3.48,1.36052,0.0217022,36.42896,26.73462,6,226.75552,3.61728,25.9488,23.31394,26.67128,0,NA,9.54201400376244,0,0,0,0.152180392955203,0.0147705586962714,0.0289003979211345,0.0330199485160103,0,25.3573147890702,2.46187690431508,0.0741156865987219,0.0847081637151935,0.0454205019787318
"175",173,"2021.12.01 18:09:48",6143.85866,0.75,1.8,-3.48,1.25152,0.0376,36.44362,26.7481,6,208.58622,6.2682,25.91688,23.33348,26.66152,0,NA,9.07441415536016,0,0,0,0.142417860537223,0.0365653476668826,0.0210800142314955,0.0207419864043922,0,23.7364612454553,6.09709129011531,0.0425389468604944,0.0160730208735018,0.0924805493063266
"176",174,"2021.12.01 18:09:48",6177.3178,0.9,1.8,-3.48,1.29398,0.0103564,36.41228,26.7399,6,215.66262,1.72606,25.91356,23.30278,26.66362,0,NA,9.1099151650824,0,0,0,0.0642215073009035,0.00805921415523871,0.051229015215989,0.0228908278574631,0,10.700182756243,1.34317493946247,0.0534607145481621,0.0283497266300758,0.0378896027954898
"177",175,"2021.12.01 18:09:48",6212.36156,1.05,1.8,-3.48,1.44506,0.024702,36.42658,26.75212,6,240.84288,4.1172,25.9613,23.28632,26.70616,0,NA,9.60257483818791,0,0,0,0.176562193008583,0.00961068519929771,0.0371974730324509,0.0255866566788239,0,29.4259490531232,1.60200490011735,0.0639052032310363,0.0539487905332458,0.0436163730725045
"178",176,"2021.12.01 18:09:48",6246.83458,1.2,1.8,-3.48,1.3034,0.0046502,36.41032,26.74218,6,217.23052,0.7752,25.96788,23.2822,26.60852,0,NA,9.60745694562296,0,0,0,0.113562824022653,0.00249674191697901,0.0353479419485763,0.0230416362266225,0,18.9264219844111,0.41633413864347,0.0366353244833462,0.0442675953717838,0.0698299505942831
"179",177,"2021.12.01 18:09:48",6280.52644,1.35,1.8,-3.48,1.18726,0.0100426,36.398,26.7253,6,197.87726,1.6739,25.95022,23.24982,26.64836,0,NA,9.23313112941639,0,0,0,0.0613051629147171,0.00549098090508426,0.0439917605921814,0.0184801244584557,0,10.214608808858,0.915324685562451,0.0419664985434804,0.0563026819965087,0.0889695060118911
"180",178,"2021.12.01 18:09:48",6316.78256,1.5,1.8,-3.48,1.25896,0.0127636,36.41438,26.72402,6,209.82616,2.12744,25.93102,23.26144,26.67982,0,NA,9.59759536149564,0,0,0,0.051127761539109,0.00983277775097149,0.0346750919248969,0.0156753628347167,0,8.52063695054542,1.63907948800539,0.0555716834368005,0.0361767604962082,0.0446954919427007
"181",179,"2021.12.01 18:09:48",6351.24594,1.65,1.8,-3.48,1.37078,0.014892,36.43032,26.73604,6,228.45762,2.48212,25.99434,23.31822,26.6571,0,NA,9.62237784349592,0,0,0,0.0665416561260689,0.0121435479988346,0.0396941683374258,0.026139491196272,0,11.0922309233535,2.02393838147311,0.0352777266841269,0.0424402167760726,0.0394374821711532
"182",180,"2021.12.01 18:09:48",6386.84562,1.8,1.8,-3.48,1.2512,0.0174726,36.4231,26.75038,6,208.53146,2.9118,25.96744,23.36086,26.674,0,NA,9.65446039776429,0,0,0,0.0860387412739169,0.00661298599726326,0.0381401363395572,0.0203847246731476,0,14.3398596810778,1.10251018135888,0.0548856356435815,0.0569093401824331,0.0362603778248386
"183",181,"2021.12.01 18:09:48",6421.74932,1.95,1.8,-3.48,1.42906,0.0104394,36.40688,26.7351,6,238.1769,1.7398,25.96468,23.3041,26.68772,0,NA,10.1277534131215,0,0,0,0.221123151207647,0.00748905406576825,0.0263369891977048,0.0203719169446578,0,36.8527606966561,1.24802026425856,0.0149606818026448,0.0548120424724353,0.048941107466016
"184",182,"2021.12.01 18:09:48",6458.87758,0,1.95,-3.48,1.62864,0.016376,36.41854,26.72372,6,271.43612,2.7296,25.9588,23.2961,26.66054,0,NA,9.63197469172347,0,0,0,0.151867155764504,0.00497026458048261,0.0255540212099769,0.0221854006049019,0,25.3152304762765,0.828085925493242,0.0346135089235399,0.0294111373462504,0.0525433440123491
"185",183,"2021.12.01 18:09:48",6494.17114,0.15,1.95,-3.48,1.16116,0.0056182,36.43202,26.75212,6,193.52576,0.93626,25.96246,23.22174,26.70862,0,NA,9.3180555492012,0,0,0,0.0248544362237408,0.00234897300963634,0.0246505983700185,0.0195412896196748,0,4.13862206392418,0.391483611406659,0.0235536196793612,0.0444935163816025,0.039757603046461
"186",184,"2021.12.01 18:09:48",6527.78316,0.3,1.95,-3.48,1.40548,0.0170628,36.40378,26.73832,6,234.24842,2.8436,26.01488,23.23582,26.67548,0,NA,9.60984492710468,0,0,0,0.195600196830167,0.00899537098734677,0.0392702431874305,0.0295147759605252,0,32.6008647904776,1.49894306095996,0.0547860566202745,0.0237357746871677,0.0537752452342158
"187",185,"2021.12.01 18:09:48",6563.17686,0.45,1.95,-3.48,1.20384,0.0070508,36.42684,26.74812,6,200.6404,1.1748,25.98088,23.3068,26.69784,0,NA,10.3709015916169,0,0,0,0.0509989509696033,0.00381251953437618,0.0434635249375832,0.0240057701396977,0,8.49882344004157,0.635065114771706,0.0241111385048484,0.0466519024263746,0.0348505810568487
"188",186,"2021.12.01 18:09:48",6600.25842,0.6,1.95,-3.48,1.20124,0.0106222,36.41632,26.75126,6,200.20762,1.77022,25.97802,23.28184,26.69268,0,NA,10.4333028898807,0,0,0,0.00922729646212798,0.00516896945241506,0.022952930096177,0.0118706781609135,0,1.54070295871722,0.861391369819782,0.0463196178740718,0.0264855243482165,0.0387854611935963
"189",187,"2021.12.01 18:09:48",6636.16938,0.75,1.95,-3.48,1.4775,0.0183494,36.41776,26.73224,6,246.24676,3.0578,25.9796,23.33826,26.6803,0,NA,9.39020370716205,0,0,0,0.146439407264575,0.00738104544085728,0.0395576541266036,0.0192339023601566,0,24.4107967588729,1.2300860539003,0.0125902740240239,0.046218805696383,0.0260935815862835
"190",188,"2021.12.01 18:09:48",6671.0764,0.9,1.95,-3.48,1.1254,0.00462122,36.40668,26.72286,6,187.56868,0.7701,25.97386,23.30078,26.68144,0,NA,10.1234797959989,0,0,0,0.00895265323800715,0.00579117504415123,0.0254631498444323,0.0140653119410827,0,1.4906812023367,0.964884373901868,0.0516877935300008,0.0290872308754212,0.0142275437092973
"191",189,"2021.12.01 18:09:48",6705.97718,1.05,1.95,-3.48,1.71292,0.033738,36.41294,26.73178,6,285.48836,5.623,26.01002,23.27392,26.73196,0,NA,9.4919709671911,0,0,0,0.087495582745645,0.0177739351298467,0.0252302992451549,0.0218189596452263,0,14.5839195901856,2.96300177185232,0.0465501557462495,0.0377482714836066,0.0534590310424727
"192",190,"2021.12.01 18:09:48",6737.98832,1.2,1.95,-3.48,1.61892,0.0259092,36.40658,26.72988,6,269.8242,4.3184,25.9674,23.27652,26.70448,0,NA,8.99204204711022,0,0,0,0.294113170395343,0.0158756748895913,0.0364079249614703,0.0259858038167001,0,49.0189803446583,2.64610219001459,0.0354613874517048,0.0520487944144715,0.0308815802704462
"193",191,"2021.12.01 18:09:48",6771.423,1.35,1.95,-3.48,1.13926,0.008207,36.40968,26.7329,6,189.8811,1.36776,25.95394,23.32304,26.65734,0,NA,9.23760989894024,0,0,0,0.0324735738716883,0.00350242822910049,0.029742007329699,0.016563363185054,0,5.41063021283103,0.584080121216259,0.0466520417559619,0.0358404520060779,0.0646914445657225
"194",192,"2021.12.01 18:09:48",6805.90154,1.5,1.95,-3.48,1.45246,0.0134922,36.43584,26.7467,6,242.0777,2.24882,25.96504,23.31122,26.68482,0,NA,9.47115063141758,0,0,0,0.14932793777455,0.00747778304044722,0.040375524764391,0.0180647446702135,0,24.8840023746181,1.24612921159886,0.0461219362126094,0.0482457977444672,0.0654359381379985
"195",193,"2021.12.01 18:09:48",6840.2205,1.65,1.95,-3.48,1.11472,0.0072836,36.3965,26.74338,6,185.78798,1.21408,25.96592,23.31762,26.67524,0,NA,9.91701233537613,0,0,0,0.0146074296164657,0.00373948376116276,0.0345476482557043,0.0164055478421176,0,2.43276786952639,0.623502459497956,0.0584479426498493,0.0524554763585268,0.0446273234689238
"196",194,"2021.12.01 18:09:48",6875.05702,1.8,1.95,-3.48,1.73656,0.04557,36.4329,26.74728,6,289.42698,7.5948,25.91524,23.2941,26.68228,0,NA,10.1823184819078,0,0,0,0.283883652223935,0.0285613016159978,0.0333503373296297,0.012579626385549,0,47.3110855497102,4.76033414793542,0.0242281447907188,0.0288741233633154,0.056764002677754
"197",195,"2021.12.01 18:09:48",6912.13638,1.95,1.95,-3.48,1.46472,0.0170426,36.40696,26.75074,6,244.12326,2.84036,25.93792,23.24252,26.69564,0,NA,9.64065688021305,0,0,0,0.073143058453964,0.00913984402492734,0.029073923023905,0.0120442102273251,0,12.1896979695151,1.52310733305306,0.0278764596030414,0.0651245499024757,0.06132428556453
